noteon,64,3octavee,120,noteoff,64,3octavee,0,noteon,64,3octaved,60,noteoff,64,3octaved,0,noteon,64,3octavee,60,noteoff,64,3octavee,0,noteon,64,3octavee,60,noteoff,64,3octavee,0,noteon,64,3octaved,120,noteoff,64,3octaved,0,noteon,64,3octavee,60,noteoff,64,3octavee,0,noteon,64,3octaved,60,noteoff,64,3octaved,0, ,,,,,,,,,,,,
noteon,64,3octaved,60,noteoff,64,3octaved,0,noteon,64,3octavee,120,noteoff,64,3octavee,0,noteon,64,3octaved,60,noteoff,64,3octaved,0,noteon,64,3octavee,60,noteoff,64,3octavee,0,noteon,64,3octavee,60,noteoff,64,3octavee,0,noteon,64,3octaved,120,noteoff,64,3octaved,0,noteon,64,3octavee,60,noteoff,64,3octavee,0, ,,,,,,,,,,,,
noteon,64,3octaved,60,noteoff,64,3octaved,0,noteon,64,3octaved,60,noteoff,64,3octaved,0,47,0, ,,,,,,,,,,,,,,,,,,,,,,,,,,,,,,,,,,,,,,,,,,,,,,,,,,
noteon,64,3octavee,60,noteoff,64,3octavee,0,noteon,42,3octavee,60,noteoff,64,3octavee,0,noteon,42,3octavee,60,noteoff,64,3octavee,0,noteon,42,3octaved,60,noteoff,64,3octaved,0,noteon,42,3octaved,60,noteoff,64,3octaved,0,noteon,42,3octaved,60,noteoff,64,3octaved,0, ,,,,,,,,,,,,,,,,,,,,
noteon,42,3octavee,60,noteoff,64,3octavee,0,noteon,42,3octavee,60,noteoff,64,3octavee,0,noteon,42,3octavee,60,noteoff,64,3octavee,0,noteon,42,3octaved,60,noteoff,64,3octaved,0,noteon,42,3octaved,60,noteoff,64,3octaved,0,noteon,42,3octaved,60,noteoff,64,3octaved,0,noteon,42,3octavee,60,noteoff,64,3octavee,0,noteon,42,3octavee,60,noteoff,64,3octavee,0,noteon,42,3octavee,60,
noteoff,64,3octavee,0,noteon,42,3octaved,60,noteoff,64,3octaved,0,noteon,42,3octaved,60,noteoff,64,3octaved,0,noteon,42,3octaved,60,noteoff,64,3octaved,0,noteon,42,3octavee,60,noteoff,64,3octavee,0,noteon,42,3octavee,60,noteoff,64,3octavee,0,noteon,42,3octavee,60,noteoff,64,3octavee,0,noteon,42,3octaved,60,noteoff,64,3octaved,0,noteon,42,3octaved,60,noteoff,64,3octaved,0, 
noteon,42,3octaved,60,noteoff,64,3octaved,0,47,0, ,,,,,,,,,,,,,,,,,,,,,,,,,,,,,,,,,,,,,,,,,,,,,,,,,,,,,,,,,, 
noteon,42,3octavee,60,noteoff,64,3octavee,0,noteon,64,3octavee,60,noteoff,64,3octavee,0,noteon,64,3octavee,60,noteoff,64,3octavee,0,noteon,64,3octavee,60,noteoff,64,3octavee,0,noteon,64,3octavee,120,noteoff,64,3octavee,0,noteon,256,3octaved,60, ,,,,,,,,,,,,,,,,,,,,,,,,
noteoff,64,3octaved,0,noteon,64,3octaved,60,noteoff,64,3octaved,0,noteon,64,3octaved,60,noteoff,64,3octaved,0,noteon,64,3octaved,60,noteoff,64,3octaved,0,noteon,64,3octaved,120,noteoff,64,3octaved,0,noteon,256,3octavee,60,noteoff,64,3octavee,0, ,,,,,,,,,,,,,,,,,,,,,,,,
noteon,64,3octavee,60,noteoff,64,3octavee,0,noteon,64,3octavee,60,noteoff,64,3octavee,0,noteon,64,3octavee,60,noteoff,64,3octavee,0,noteon,64,3octavee,120,noteoff,64,3octavee,0,noteon,256,3octaved,60,noteoff,64,3octaved,0,noteon,64,3octaved,60, ,,,,,,,,,,,,,,,,,,,,,,,,
noteoff,64,3octaved,0,noteon,64,3octaved,60,noteoff,64,3octaved,0,noteon,64,3octaved,60,noteoff,64,3octaved,0,noteon,64,3octaved,120,noteoff,64,3octaved,0,47,0, ,,,,,,,,,,,,,,,,,,,,,,,,,,,,,,,,,,,,,,
noteon,256,3octavee,120,noteoff,64,3octavee,0,noteon,64,3octaved,60,noteoff,64,3octaved,0, ,,,,,,,,,,,,,,,,,,,,,,,,,,,,,,,,,,,,,,,,,,,,,,,,,,,,
noteon,64,3octavee,60,noteoff,64,3octavee,0,noteon,64,3octavee,60,noteoff,64,3octavee,0,noteon,64,3octaved,60,noteoff,64,3octaved,0,noteon,64,3octaved,60,noteoff,64,3octaved,0,noteon,64,3octavee,120,noteoff,64,3octavee,0,noteon,64,3octaved,60,noteoff,64,3octaved,0,noteon,64,3octavee,60,noteoff,64,3octavee,0, ,,,,,,,,,,,,
noteon,64,3octavee,60,noteoff,64,3octavee,0,noteon,64,3octaved,60,noteoff,64,3octaved,0,noteon,64,3octaved,60,noteoff,64,3octaved,0,noteon,64,3octavee,120,noteoff,64,3octavee,0,noteon,64,3octaved,60,noteoff,64,3octaved,0,noteon,64,3octavee,60,noteoff,64,3octavee,0,noteon,64,3octavee,60,noteoff,64,3octavee,0, ,,,,,,,,,,,,
noteon,64,3octaved,60,noteoff,64,3octaved,0,noteon,64,3octaved,60,noteoff,64,3octaved,0,noteon,64,3octavee,120,noteoff,64,3octavee,0,noteon,64,3octaved,60,noteoff,64,3octaved,0,noteon,64,3octavee,60,noteoff,64,3octavee,0,noteon,64,3octavee,60,noteoff,64,3octavee,0,noteon,64,3octaved,60,noteoff,64,3octaved,0, ,,,,,,,,,,,,
noteon,64,3octaved,60,noteoff,64,3octaved,0,47,0, ,,,,,,,,,,,,,,,,,,,,,,,,,,,,,,,,,,,,,,,,,,,,,,,,,,,,,,,,,,
noteon,64,3octavee,60,noteoff,64,3octavee,0,noteon,64,3octaved,60,noteoff,64,3octaved,0,noteon,64,3octavee,60,noteoff,64,3octavee,0,noteon,64,3octaved,60,noteoff,64,3octaved,0,noteon,64,3octavee,60,noteoff,64,3octavee,0,noteon,64,3octaved,60,noteoff,64,3octaved,0, ,,,,,,,,,,,,,,,,,,,,
noteon,64,3octavee,60,noteoff,64,3octavee,0,noteon,64,3octaved,60,noteoff,64,3octaved,0,noteon,64,3octavee,60,noteoff,64,3octavee,0,noteon,64,3octaved,60,noteoff,64,3octaved,0,noteon,64,3octavee,60,noteoff,64,3octavee,0,noteon,64,3octaved,60,noteoff,64,3octaved,0,noteon,64,3octavee,60,noteoff,64,3octavee,0, ,,,,,,,,,,,,
noteon,64,3octaved,60,noteoff,64,3octaved,0,noteon,64,3octavee,60,noteoff,64,3octavee,0,noteon,64,3octaved,60,noteoff,64,3octaved,0,47,0, ,,,,,,,,,,,,,,,,,,,,,,,,,,,,,,,,,,,,,,,,,,
